<?xml version="1.0" encoding="UTF-8"?>
<project-private xmlns="http://www.netbeans.org/ns/project-private/1">
    <editor-bookmarks xmlns="http://www.netbeans.org/ns/editor-bookmarks/2" lastBookmarkId="0"/>
    <open-files xmlns="http://www.netbeans.org/ns/projectui-open-files/2">
        <group>
            <file>file:/E:/Seafile/IHA-Technique/PLP/Partage%20SLP/Maquettes%20pédagogiques/Electronique/Robot_SEA_S1/Prog_SAE1_Robot_pour_etus.X/main.c</file>
            <file>file:/E:/Seafile/IHA-Technique/PLP/Partage%20SLP/Maquettes%20pédagogiques/Electronique/Robot_SEA_S1/Prog_SAE1_Robot_pour_etus.X/mcc_generated_files/tmr4.c</file>
        </group>
    </open-files>
</project-private>
