<?xml version="1.0" encoding="UTF-8"?>
<project-private xmlns="http://www.netbeans.org/ns/project-private/1">
    <editor-bookmarks xmlns="http://www.netbeans.org/ns/editor-bookmarks/2" lastBookmarkId="0"/>
    <open-files xmlns="http://www.netbeans.org/ns/projectui-open-files/2">
        <group>
            <file>file:/E:/Seafile/IHA-Technique/PLP/Partage%20SLP/Maquettes%20pédagogiques/Electronique/Robot_SEA_S1/New_1_ms_18f_4_2.X/test_18f_4_2.X/test_18f_4_2.X/commandes.c</file>
            <file>file:/E:/Seafile/IHA-Technique/PLP/Partage%20SLP/Maquettes%20pédagogiques/Electronique/Robot_SEA_S1/New_1_ms_18f_4_2.X/test_18f_4_2.X/test_18f_4_2.X/mcc_generated_files/interrupt_manager.h</file>
            <file>file:/E:/Seafile/IHA-Technique/PLP/Partage%20SLP/Maquettes%20pédagogiques/Electronique/Robot_SEA_S1/New_1_ms_18f_4_2.X/test_18f_4_2.X/test_18f_4_2.X/mcc_generated_files/device_config.c</file>
            <file>file:/E:/Seafile/IHA-Technique/PLP/Partage%20SLP/Maquettes%20pédagogiques/Electronique/Robot_SEA_S1/New_1_ms_18f_4_2.X/test_18f_4_2.X/test_18f_4_2.X/mcc_generated_files/pwm1.h</file>
            <file>file:/E:/Seafile/IHA-Technique/PLP/Partage%20SLP/Maquettes%20pédagogiques/Electronique/Robot_SEA_S1/New_1_ms_18f_4_2.X/test_18f_4_2.X/test_18f_4_2.X/mcc_generated_files/pin_manager.h</file>
            <file>file:/E:/Seafile/IHA-Technique/PLP/Partage%20SLP/Maquettes%20pédagogiques/Electronique/Robot_SEA_S1/New_1_ms_18f_4_2.X/test_18f_4_2.X/test_18f_4_2.X/drivers/LCD.h</file>
            <file>file:/E:/Seafile/IHA-Technique/PLP/Partage%20SLP/Maquettes%20pédagogiques/Electronique/Robot_SEA_S1/New_1_ms_18f_4_2.X/test_18f_4_2.X/test_18f_4_2.X/mcc_generated_files/device_config.h</file>
            <file>file:/E:/Seafile/IHA-Technique/PLP/Partage%20SLP/Maquettes%20pédagogiques/Electronique/Robot_SEA_S1/New_1_ms_18f_4_2.X/test_18f_4_2.X/test_18f_4_2.X/main.c</file>
            <file>file:/E:/Seafile/IHA-Technique/PLP/Partage%20SLP/Maquettes%20pédagogiques/Electronique/Robot_SEA_S1/New_1_ms_18f_4_2.X/test_18f_4_2.X/test_18f_4_2.X/commandes.h</file>
            <file>file:/E:/Seafile/IHA-Technique/PLP/Partage%20SLP/Maquettes%20pédagogiques/Electronique/Robot_SEA_S1/New_1_ms_18f_4_2.X/test_18f_4_2.X/test_18f_4_2.X/mcc_generated_files/mcc.h</file>
            <file>file:/E:/Seafile/IHA-Technique/PLP/Partage%20SLP/Maquettes%20pédagogiques/Electronique/Robot_SEA_S1/New_1_ms_18f_4_2.X/test_18f_4_2.X/test_18f_4_2.X/mcc_generated_files/pin_manager.c</file>
            <file>file:/E:/Seafile/IHA-Technique/PLP/Partage%20SLP/Maquettes%20pédagogiques/Electronique/Robot_SEA_S1/New_1_ms_18f_4_2.X/test_18f_4_2.X/test_18f_4_2.X/drivers/LCD.c</file>
        </group>
    </open-files>
</project-private>
