<?xml version="1.0" encoding="UTF-8"?>
<project-private xmlns="http://www.netbeans.org/ns/project-private/1">
    <editor-bookmarks xmlns="http://www.netbeans.org/ns/editor-bookmarks/2" lastBookmarkId="0"/>
    <open-files xmlns="http://www.netbeans.org/ns/projectui-open-files/2">
        <group>
            <file>file:/D:/2022_2023/BUT1/Robot_BUT1_BT/dossier%20Alex/Prog_SAE1_Robot_pour_etus.X/Prog_SAE1_Robot_pour_etus.X/main.c</file>
            <file>file:/D:/2022_2023/BUT1/Robot_BUT1_BT/dossier%20Alex/Prog_SAE1_Robot_pour_etus.X/Prog_SAE1_Robot_pour_etus.X/commandes.c</file>
            <file>file:/D:/2022_2023/BUT1/Robot_BUT1_BT/dossier%20Alex/Prog_SAE1_Robot_pour_etus.X/Prog_SAE1_Robot_pour_etus.X/commandes.h</file>
            <file>file:/D:/2022_2023/BUT1/Robot_BUT1_BT/dossier%20Alex/Prog_SAE1_Robot_pour_etus.X/Prog_SAE1_Robot_pour_etus.X/drivers/vl53l0x.c</file>
        </group>
    </open-files>
</project-private>
